date,hour_of_day,day_of_week,is_weekend,quarter,gpu_type,gpu_vram,gpu_performance,btc_sentiment,btc_sentiment_encoded,demand_score,demand_level,utilization_rate,num_available_market,price_per_hour,total_market_gpus,is_rented,day_encoded
2025-11-24,3,Monday,False,4,1x RTX 4090,24,80,BULL,2,83.9,HIGH,0.9,18,0.61,98,True,0
2025-05-21,7,Wednesday,False,2,8x RTX 4090,192,640,BEAR,0,59.1,MEDIUM,0.54,42,3.83,103,False,2
2025-03-13,23,Thursday,False,1,2x RTX 4090,48,160,BULL,2,78.8,HIGH,0.79,15,1.16,104,True,3
2025-12-13,23,Saturday,True,4,2x RTX 4090,48,160,NEUTRAL,1,50.5,MEDIUM,0.57,28,1.01,82,False,5
2025-10-30,13,Thursday,False,4,1x RTX 4090,24,80,BULL,2,100.0,HIGH,0.75,21,0.63,88,True,3
2025-01-16,2,Thursday,False,1,8x RTX 4090,192,640,NEUTRAL,1,56.8,MEDIUM,0.67,45,4.22,114,False,3
2025-04-30,16,Wednesday,False,2,1x RTX 4090,24,80,NEUTRAL,1,78.2,HIGH,0.81,19,0.63,108,False,2
2025-10-15,6,Wednesday,False,4,1x H100,80,150,BULL,2,100.0,HIGH,0.93,13,3.82,119,True,2
2025-04-23,14,Wednesday,False,2,1x A100,80,100,BULL,2,100.0,HIGH,0.87,26,2.44,108,True,2
2025-01-04,5,Saturday,True,1,1x H100,80,150,NEUTRAL,1,49.9,MEDIUM,0.5,51,3.52,114,False,5
2025-06-24,8,Tuesday,False,2,4x RTX 4090,96,320,BEAR,0,64.4,HIGH,0.88,21,2.38,91,True,1
2025-04-21,10,Monday,False,2,2x RTX 4090,48,160,NEUTRAL,1,81.7,HIGH,0.82,22,1.17,106,True,0
2025-02-17,12,Monday,False,1,2x RTX 4090,48,160,BULL,2,94.4,HIGH,0.92,19,1.14,93,True,0
2025-07-03,11,Thursday,False,3,1x A100,80,100,BEAR,0,46.6,MEDIUM,0.51,32,2.01,118,False,3
2025-01-23,23,Thursday,False,1,8x H100,640,1200,BULL,2,89.6,HIGH,0.78,20,31.17,108,True,3
2025-10-02,3,Thursday,False,4,1x H100,80,150,BULL,2,86.6,HIGH,0.78,20,3.96,85,True,3
2025-02-10,17,Monday,False,1,1x A100,80,100,BULL,2,80.8,HIGH,0.93,15,2.37,104,True,0
2025-11-18,19,Tuesday,False,4,8x A100,640,800,BULL,2,92.1,HIGH,0.84,26,19.83,118,True,1
2025-10-23,6,Thursday,False,4,2x RTX 4090,48,160,BULL,2,100.0,HIGH,0.89,15,1.14,111,True,3
2025-01-24,21,Friday,False,1,8x RTX 4090,192,640,NEUTRAL,1,77.2,HIGH,0.94,19,4.58,81,True,4
2025-05-29,2,Thursday,False,2,8x RTX 4090,192,640,BEAR,0,52.3,MEDIUM,0.59,42,4.14,105,False,3
2025-02-21,12,Friday,False,1,1x A100,80,100,BULL,2,78.8,HIGH,0.9,13,2.46,103,True,4
2025-08-21,20,Thursday,False,3,8x A100,640,800,NEUTRAL,1,56.7,MEDIUM,0.7,38,16.3,85,False,3
2025-03-25,11,Tuesday,False,1,8x A100,640,800,BULL,2,100.0,HIGH,0.79,20,19.77,99,True,1
2025-04-18,21,Friday,False,2,1x A100,80,100,BULL,2,85.7,HIGH,0.83,25,2.37,107,True,4
2025-12-26,21,Friday,False,4,2x RTX 4090,48,160,NEUTRAL,1,59.5,MEDIUM,0.67,24,0.97,81,False,4
2025-11-08,20,Saturday,True,4,4x RTX 4090,96,320,BULL,2,82.0,HIGH,0.93,12,2.29,98,True,5
2025-10-01,23,Wednesday,False,4,8x RTX 4090,192,640,BULL,2,97.7,HIGH,0.77,12,4.77,99,True,2
2025-03-25,14,Tuesday,False,1,1x H100,80,150,BULL,2,98.7,HIGH,0.94,11,3.84,81,True,1
2025-05-19,20,Monday,False,2,8x RTX 4090,192,640,BEAR,0,65.3,HIGH,0.89,13,4.6,99,True,0
2025-12-17,10,Wednesday,False,4,1x RTX 4090,24,80,BULL,2,100.0,HIGH,0.81,18,0.63,101,True,2
2025-04-28,1,Monday,False,2,8x A100,640,800,BULL,2,85.1,HIGH,0.88,23,19.4,107,True,0
2025-07-25,8,Friday,False,3,2x RTX 4090,48,160,BEAR,0,35.0,LOW,0.37,61,0.92,96,False,4
2025-04-19,18,Saturday,True,2,8x A100,640,800,NEUTRAL,1,63.1,HIGH,0.93,22,19.94,108,True,5
2025-04-19,20,Saturday,True,2,8x H100,640,1200,NEUTRAL,1,71.2,HIGH,0.83,22,30.77,97,True,5
2025-07-22,20,Tuesday,False,3,8x H100,640,1200,BEAR,0,43.1,MEDIUM,0.64,27,27.85,101,True,1
2025-03-15,8,Saturday,True,1,4x RTX 4090,96,320,BULL,2,64.8,HIGH,0.81,26,2.27,118,True,5
2025-05-07,23,Wednesday,False,2,1x A100,80,100,NEUTRAL,1,74.1,HIGH,0.92,27,2.43,115,False,2
2025-10-27,13,Monday,False,4,1x H100,80,150,BULL,2,100.0,HIGH,0.91,24,3.85,107,True,0
2025-07-05,7,Saturday,True,3,4x RTX 4090,96,320,BEAR,0,12.6,LOW,0.33,54,1.9,101,False,5
2025-09-18,15,Thursday,False,3,2x RTX 4090,48,160,NEUTRAL,1,71.7,HIGH,0.78,14,1.18,84,True,3
2025-01-25,3,Saturday,True,1,4x RTX 4090,96,320,BULL,2,66.5,HIGH,0.83,19,2.27,95,False,5
2025-11-18,5,Tuesday,False,4,1x H100,80,150,NEUTRAL,1,71.5,HIGH,0.91,14,3.87,105,True,1
2025-11-02,2,Sunday,True,4,1x H100,80,150,BULL,2,83.3,HIGH,0.78,12,3.83,104,True,6
2025-07-15,19,Tuesday,False,3,8x H100,640,1200,BEAR,0,53.2,MEDIUM,0.65,33,26.74,95,True,1
2025-09-28,8,Sunday,True,3,1x RTX 4090,24,80,BULL,2,51.5,MEDIUM,0.52,22,0.52,84,True,6
2025-12-15,23,Monday,False,4,2x RTX 4090,48,160,BULL,2,77.5,HIGH,0.84,12,1.16,102,True,0
2025-12-16,17,Tuesday,False,4,1x A100,80,100,BULL,2,100.0,HIGH,0.86,19,2.44,95,True,1
2025-11-25,10,Tuesday,False,4,2x RTX 4090,48,160,BULL,2,99.9,HIGH,0.94,20,1.15,112,True,1
2025-05-31,13,Saturday,True,2,4x RTX 4090,96,320,BEAR,0,48.6,MEDIUM,0.6,52,2.13,108,True,5
2025-08-21,0,Thursday,False,3,1x A100,80,100,NEUTRAL,1,40.0,MEDIUM,0.52,34,2.21,105,True,3
2025-09-14,5,Sunday,True,3,2x RTX 4090,48,160,BULL,2,34.3,LOW,0.42,67,0.94,115,False,6
2025-11-17,9,Monday,False,4,8x RTX 4090,192,640,BULL,2,100.0,HIGH,0.83,21,4.67,114,True,0
2025-03-20,11,Thursday,False,1,4x RTX 4090,96,320,BULL,2,93.3,HIGH,0.82,22,2.38,92,True,3
2025-10-04,16,Saturday,True,4,1x RTX 4090,24,80,BULL,2,72.3,HIGH,0.86,16,0.62,92,False,5
2025-11-03,10,Monday,False,4,8x H100,640,1200,BULL,2,100.0,HIGH,0.94,15,31.34,84,True,0
2025-01-10,3,Friday,False,1,8x A100,640,800,BULL,2,63.4,HIGH,0.9,25,19.75,118,False,4
2025-06-07,7,Saturday,True,2,1x RTX 4090,24,80,NEUTRAL,1,66.2,HIGH,0.94,19,0.64,96,True,5
2025-05-04,18,Sunday,True,2,2x RTX 4090,48,160,NEUTRAL,1,63.9,HIGH,0.76,18,1.18,84,True,6
2025-02-13,23,Thursday,False,1,8x H100,640,1200,BULL,2,73.3,HIGH,0.92,19,30.63,86,False,3
2025-02-05,17,Wednesday,False,1,4x RTX 4090,96,320,BULL,2,100.0,HIGH,0.77,22,2.33,106,True,2
2025-03-07,21,Friday,False,1,8x H100,640,1200,BULL,2,73.0,HIGH,0.8,15,31.23,99,True,4
2025-10-09,5,Thursday,False,4,1x A100,80,100,BULL,2,78.4,HIGH,0.9,19,2.49,104,False,3
2025-09-28,19,Sunday,True,3,1x H100,80,150,BULL,2,60.1,HIGH,0.76,17,3.99,97,True,6
2025-04-19,17,Saturday,True,2,8x RTX 4090,192,640,NEUTRAL,1,60.3,HIGH,0.95,20,4.62,102,True,5
2025-06-09,12,Monday,False,2,8x A100,640,800,BEAR,0,69.8,HIGH,0.87,14,19.03,105,True,0
2025-08-13,16,Wednesday,False,3,8x H100,640,1200,BEAR,0,38.0,LOW,0.34,54,24.36,96,True,2
2025-03-03,7,Monday,False,1,8x RTX 4090,192,640,BULL,2,78.1,HIGH,0.8,10,4.52,85,False,0
2025-02-02,10,Sunday,True,1,1x RTX 4090,24,80,BULL,2,89.8,HIGH,0.83,20,0.64,84,True,6
2025-10-29,17,Wednesday,False,4,8x RTX 4090,192,640,BULL,2,99.2,HIGH,0.95,12,4.68,104,True,2
2025-10-29,7,Wednesday,False,4,1x RTX 4090,24,80,BULL,2,100.0,HIGH,0.84,13,0.62,85,True,2
2025-02-06,22,Thursday,False,1,1x RTX 4090,24,80,BULL,2,94.8,HIGH,0.93,16,0.64,89,True,3
2025-04-28,2,Monday,False,2,1x RTX 4090,24,80,NEUTRAL,1,57.2,MEDIUM,0.53,39,0.55,80,False,0
2025-06-19,2,Thursday,False,2,8x RTX 4090,192,640,BEAR,0,63.2,HIGH,0.77,16,4.66,82,True,3
2025-05-23,21,Friday,False,2,8x H100,640,1200,BEAR,0,67.2,HIGH,0.86,23,30.93,102,False,4
2025-04-20,17,Sunday,True,2,4x RTX 4090,96,320,BULL,2,95.0,HIGH,0.79,14,2.25,117,True,6
2025-10-20,18,Monday,False,4,8x H100,640,1200,BULL,2,100.0,HIGH,0.77,23,31.19,112,True,0
2025-05-05,15,Monday,False,2,1x H100,80,150,BULL,2,96.0,HIGH,0.92,23,3.81,96,True,0
2025-04-08,3,Tuesday,False,2,2x RTX 4090,48,160,BULL,2,79.7,HIGH,0.95,15,1.15,90,True,1
2025-12-04,13,Thursday,False,4,8x A100,640,800,BULL,2,100.0,HIGH,0.82,25,19.37,108,True,3
2025-08-05,13,Tuesday,False,3,8x H100,640,1200,BEAR,0,49.0,MEDIUM,0.71,33,27.04,101,True,1
2025-01-28,21,Tuesday,False,1,2x RTX 4090,48,160,BULL,2,84.7,HIGH,0.79,16,1.16,106,True,1
2025-02-01,12,Saturday,True,1,8x A100,640,800,BULL,2,84.6,HIGH,0.77,22,19.91,96,True,5
2025-02-25,7,Tuesday,False,1,8x RTX 4090,192,640,BULL,2,99.1,HIGH,0.79,13,4.61,101,True,1
2025-04-08,17,Tuesday,False,2,8x H100,640,1200,BULL,2,100.0,HIGH,0.89,9,30.47,86,True,1
2025-03-13,13,Thursday,False,1,4x RTX 4090,96,320,BULL,2,100.0,HIGH,0.76,21,2.3,94,True,3
2025-05-23,14,Friday,False,2,8x RTX 4090,192,640,BEAR,0,65.6,HIGH,0.86,23,4.53,104,False,4
2025-02-08,14,Saturday,True,1,2x RTX 4090,48,160,BULL,2,85.1,HIGH,0.91,17,1.13,101,True,5
2025-01-26,20,Sunday,True,1,1x RTX 4090,24,80,BULL,2,85.7,HIGH,0.78,14,0.62,105,True,6
2025-02-17,7,Monday,False,1,4x RTX 4090,96,320,BULL,2,76.9,HIGH,0.82,24,2.25,100,True,0
2025-07-28,15,Monday,False,3,8x H100,640,1200,BEAR,0,38.1,LOW,0.3,50,23.52,88,True,0
2025-04-20,12,Sunday,True,2,1x RTX 4090,24,80,BEAR,0,53.5,MEDIUM,0.75,29,0.53,107,False,6
2025-03-26,12,Wednesday,False,1,1x RTX 4090,24,80,BULL,2,97.4,HIGH,0.91,21,0.63,105,True,2
2025-07-19,8,Saturday,True,3,8x H100,640,1200,BEAR,0,24.6,LOW,0.33,55,24.52,91,True,5
2025-05-27,13,Tuesday,False,2,8x H100,640,1200,BEAR,0,76.4,HIGH,0.87,10,31.07,82,True,1
2025-03-21,6,Friday,False,1,1x A100,80,100,BULL,2,79.9,HIGH,0.76,20,2.4,81,True,4
2025-04-22,1,Tuesday,False,2,1x RTX 4090,24,80,NEUTRAL,1,64.8,HIGH,0.87,18,0.61,84,False,1
2025-06-10,1,Tuesday,False,2,1x RTX 4090,24,80,BEAR,0,53.7,MEDIUM,0.55,26,0.56,101,True,1
2025-10-27,15,Monday,False,4,4x RTX 4090,96,320,BULL,2,100.0,HIGH,0.9,25,2.37,116,True,0
2025-01-30,16,Thursday,False,1,2x RTX 4090,48,160,BULL,2,100.0,HIGH,0.82,27,1.15,119,True,3
2025-04-06,2,Sunday,True,2,2x RTX 4090,48,160,BULL,2,75.4,HIGH,0.87,20,1.16,112,True,6
2025-12-12,7,Friday,False,4,1x H100,80,150,BULL,2,99.6,HIGH,0.86,20,3.92,85,True,4
2025-03-03,18,Monday,False,1,8x RTX 4090,192,640,BULL,2,100.0,HIGH,0.78,23,4.69,109,True,0
2025-10-24,19,Friday,False,4,1x RTX 4090,24,80,BULL,2,94.2,HIGH,0.81,11,0.64,83,True,4
2025-11-14,2,Friday,False,4,1x H100,80,150,BULL,2,85.7,HIGH,0.82,25,3.8,115,True,4
2025-12-03,18,Wednesday,False,4,8x A100,640,800,BULL,2,100.0,HIGH,0.86,14,19.29,81,True,2
2025-05-14,6,Wednesday,False,2,8x A100,640,800,NEUTRAL,1,96.0,HIGH,0.89,16,19.79,89,True,2
2025-05-03,8,Saturday,True,2,1x H100,80,150,NEUTRAL,1,53.4,MEDIUM,0.57,48,3.59,119,True,5
2025-03-09,21,Sunday,True,1,1x A100,80,100,BULL,2,70.4,HIGH,0.92,19,2.43,83,False,6
2025-08-23,10,Saturday,True,3,2x RTX 4090,48,160,BEAR,0,33.4,LOW,0.27,52,0.84,101,False,5
2025-01-05,14,Sunday,True,1,2x RTX 4090,48,160,NEUTRAL,1,54.2,MEDIUM,0.54,23,1.05,80,False,6
2025-02-07,17,Friday,False,1,8x RTX 4090,192,640,BULL,2,95.2,HIGH,0.83,11,4.6,105,True,4
2025-09-17,8,Wednesday,False,3,4x RTX 4090,96,320,BULL,2,59.4,MEDIUM,0.73,38,1.99,113,False,2
2025-06-28,2,Saturday,True,2,8x RTX 4090,192,640,BEAR,0,33.7,LOW,0.48,47,3.59,85,True,5
2025-07-09,9,Wednesday,False,3,4x RTX 4090,96,320,BEAR,0,37.4,LOW,0.32,47,1.7,86,False,2
2025-08-13,17,Wednesday,False,3,1x A100,80,100,NEUTRAL,1,47.0,MEDIUM,0.72,33,2.05,86,False,2
2025-11-10,20,Monday,False,4,1x RTX 4090,24,80,BULL,2,94.8,HIGH,0.79,25,0.61,108,True,0
2025-12-08,17,Monday,False,4,1x A100,80,100,BULL,2,93.8,HIGH,0.87,11,2.46,81,True,0
2025-12-06,3,Saturday,True,4,4x RTX 4090,96,320,BULL,2,39.5,LOW,0.44,62,1.73,118,False,5
2025-05-16,3,Friday,False,2,2x RTX 4090,48,160,NEUTRAL,1,63.6,HIGH,0.86,24,1.2,111,False,4
2025-10-11,4,Saturday,True,4,1x A100,80,100,BULL,2,65.2,HIGH,0.79,11,2.45,87,True,5
2025-05-25,19,Sunday,True,2,8x RTX 4090,192,640,BEAR,0,46.9,MEDIUM,0.66,34,3.85,111,False,6
2025-06-25,6,Wednesday,False,2,1x A100,80,100,BEAR,0,63.4,HIGH,0.94,22,2.37,93,True,2
2025-09-16,15,Tuesday,False,3,1x A100,80,100,NEUTRAL,1,74.1,HIGH,0.93,18,2.4,81,True,1
2025-01-27,2,Monday,False,1,1x H100,80,150,BULL,2,76.6,HIGH,0.82,23,3.82,101,False,0
2025-05-22,1,Thursday,False,2,1x RTX 4090,24,80,BEAR,0,45.2,MEDIUM,0.75,35,0.51,96,True,3
2025-06-20,4,Friday,False,2,1x A100,80,100,BEAR,0,48.4,MEDIUM,0.56,23,2.21,83,True,4
2025-03-24,23,Monday,False,1,8x H100,640,1200,BULL,2,87.0,HIGH,0.89,25,31.15,115,True,0
2025-10-10,22,Friday,False,4,1x H100,80,150,BULL,2,87.6,HIGH,0.85,21,3.8,101,True,4
2025-10-15,0,Wednesday,False,4,2x RTX 4090,48,160,BULL,2,100.0,HIGH,0.88,13,1.19,105,True,2
2025-02-08,22,Saturday,True,1,4x RTX 4090,96,320,BULL,2,84.6,HIGH,0.82,28,2.28,115,True,5
2025-10-07,1,Tuesday,False,4,8x A100,640,800,BULL,2,84.0,HIGH,0.89,19,19.94,103,False,1
2025-10-26,17,Sunday,True,4,4x RTX 4090,96,320,BULL,2,88.6,HIGH,0.76,13,2.34,96,True,6
2025-08-09,4,Saturday,True,3,1x RTX 4090,24,80,BEAR,0,15.9,LOW,0.44,50,0.43,96,False,5
2025-06-07,11,Saturday,True,2,1x RTX 4090,24,80,BEAR,0,60.8,HIGH,0.84,12,0.61,109,True,5
2025-07-03,6,Thursday,False,3,8x RTX 4090,192,640,BEAR,0,32.7,LOW,0.45,67,3.7,91,False,3
2025-12-08,3,Monday,False,4,8x A100,640,800,BULL,2,86.9,HIGH,0.91,16,19.63,85,False,0
2025-10-14,13,Tuesday,False,4,4x RTX 4090,96,320,BULL,2,100.0,HIGH,0.89,11,2.35,111,True,1
2025-05-02,5,Friday,False,2,4x RTX 4090,96,320,NEUTRAL,1,67.1,HIGH,0.76,17,2.29,87,False,4
2025-07-31,0,Thursday,False,3,4x RTX 4090,96,320,BEAR,0,33.5,LOW,0.47,83,1.73,118,True,3
2025-06-20,13,Friday,False,2,8x RTX 4090,192,640,BEAR,0,65.0,HIGH,0.77,13,4.71,119,True,4
2025-05-17,5,Saturday,True,2,2x RTX 4090,48,160,NEUTRAL,1,37.8,LOW,0.45,58,0.91,92,False,5
2025-07-15,1,Tuesday,False,3,8x H100,640,1200,BEAR,0,37.1,LOW,0.31,55,25.61,109,True,1
2025-04-24,6,Thursday,False,2,8x H100,640,1200,NEUTRAL,1,75.5,HIGH,0.94,11,30.22,108,False,3
2025-06-29,9,Sunday,True,2,8x RTX 4090,192,640,BEAR,0,28.1,LOW,0.41,63,3.79,89,True,6
2025-04-25,0,Friday,False,2,8x RTX 4090,192,640,NEUTRAL,1,49.3,MEDIUM,0.68,27,4.03,109,False,4
2025-07-24,10,Thursday,False,3,1x A100,80,100,BEAR,0,52.9,MEDIUM,0.57,44,2.01,94,True,3
2025-02-05,8,Wednesday,False,1,8x A100,640,800,BULL,2,95.5,HIGH,0.94,18,18.91,85,False,2
2025-11-25,16,Tuesday,False,4,1x H100,80,150,BULL,2,100.0,HIGH,0.93,20,3.94,83,True,1
2025-12-14,17,Sunday,True,4,8x A100,640,800,BULL,2,83.9,HIGH,0.87,19,19.08,113,True,6
2025-01-15,3,Wednesday,False,1,1x A100,80,100,BULL,2,84.1,HIGH,0.88,13,2.43,99,False,2
2025-04-02,18,Wednesday,False,2,1x A100,80,100,BULL,2,95.6,HIGH,0.9,22,2.37,111,True,2
2025-01-20,3,Monday,False,1,1x H100,80,150,BULL,2,87.5,HIGH,0.76,21,3.97,90,False,0
2025-06-26,23,Thursday,False,2,8x A100,640,800,BEAR,0,46.9,MEDIUM,0.72,43,17.72,88,True,3
2025-08-12,19,Tuesday,False,3,2x RTX 4090,48,160,BEAR,0,39.8,LOW,0.32,47,0.83,84,True,1
2025-07-17,18,Thursday,False,3,8x RTX 4090,192,640,BEAR,0,43.3,MEDIUM,0.53,56,4.3,119,False,3
2025-05-11,1,Sunday,True,2,1x H100,80,150,NEUTRAL,1,55.3,MEDIUM,0.64,38,3.45,92,True,6
2025-01-01,16,Wednesday,False,1,8x RTX 4090,192,640,NEUTRAL,1,80.4,HIGH,0.88,20,4.76,92,False,2
2025-07-06,13,Sunday,True,3,2x RTX 4090,48,160,BEAR,0,32.4,LOW,0.4,75,0.84,110,False,6
2025-12-07,10,Sunday,True,4,8x A100,640,800,BULL,2,73.3,HIGH,0.9,11,19.78,93,False,6
2025-12-06,3,Saturday,True,4,1x A100,80,100,BULL,2,60.1,HIGH,0.77,17,2.43,119,True,5
2025-09-17,9,Wednesday,False,3,1x H100,80,150,BULL,2,100.0,HIGH,0.91,10,3.95,89,True,2
2025-06-17,12,Tuesday,False,2,1x A100,80,100,BEAR,0,73.9,HIGH,0.79,21,2.47,99,True,1
2025-10-11,4,Saturday,True,4,8x RTX 4090,192,640,BULL,2,64.8,HIGH,0.89,8,4.67,80,True,5
2025-08-04,21,Monday,False,3,1x H100,80,150,NEUTRAL,1,51.1,MEDIUM,0.65,38,3.27,112,True,0
2025-12-13,23,Saturday,True,4,4x RTX 4090,96,320,BULL,2,67.5,HIGH,0.89,18,2.29,108,False,5
2025-11-12,18,Wednesday,False,4,1x A100,80,100,BULL,2,100.0,HIGH,0.81,22,2.47,99,True,2
2025-07-27,17,Sunday,True,3,1x RTX 4090,24,80,BEAR,0,13.8,LOW,0.49,51,0.47,85,False,6
2025-06-05,9,Thursday,False,2,8x RTX 4090,192,640,BEAR,0,63.5,HIGH,0.81,23,4.72,114,True,3
2025-08-09,18,Saturday,True,3,8x A100,640,800,BEAR,0,31.6,LOW,0.47,64,15.94,104,False,5
2025-08-27,14,Wednesday,False,3,8x H100,640,1200,NEUTRAL,1,70.8,HIGH,0.92,22,31.33,103,False,2
2025-12-12,6,Friday,False,4,8x H100,640,1200,BULL,2,96.9,HIGH,0.85,11,30.43,99,True,4
2025-03-28,21,Friday,False,1,2x RTX 4090,48,160,BULL,2,74.6,HIGH,0.76,19,1.15,103,True,4
2025-05-26,16,Monday,False,2,8x A100,640,800,NEUTRAL,1,78.9,HIGH,0.83,22,19.67,90,True,0
2025-02-17,7,Monday,False,1,1x A100,80,100,BULL,2,90.8,HIGH,0.76,16,2.37,96,True,0
2025-04-26,6,Saturday,True,2,4x RTX 4090,96,320,NEUTRAL,1,63.4,HIGH,0.85,15,2.3,119,True,5
2025-01-13,1,Monday,False,1,8x RTX 4090,192,640,BULL,2,63.7,HIGH,0.77,16,4.51,105,True,0
2025-09-01,19,Monday,False,3,2x RTX 4090,48,160,NEUTRAL,1,46.5,MEDIUM,0.67,53,0.98,119,False,0
2025-08-22,13,Friday,False,3,8x RTX 4090,192,640,BULL,2,78.9,HIGH,0.92,17,4.74,86,True,4
2025-12-23,12,Tuesday,False,4,8x H100,640,1200,BULL,2,100.0,HIGH,0.91,16,30.27,93,True,1
2025-07-24,7,Thursday,False,3,4x RTX 4090,96,320,BEAR,0,33.8,LOW,0.45,64,1.77,97,True,3
2025-12-02,22,Tuesday,False,4,1x RTX 4090,24,80,NEUTRAL,1,87.6,HIGH,0.86,19,0.61,114,True,1
2025-02-24,13,Monday,False,1,8x RTX 4090,192,640,BULL,2,92.0,HIGH,0.92,12,4.79,103,True,0
2025-04-01,22,Tuesday,False,2,8x H100,640,1200,BULL,2,93.3,HIGH,0.95,11,31.76,111,True,1
2025-01-26,17,Sunday,True,1,8x RTX 4090,192,640,BULL,2,75.0,HIGH,0.87,22,4.74,118,True,6
2025-03-04,14,Tuesday,False,1,4x RTX 4090,96,320,BULL,2,99.4,HIGH,0.79,18,2.34,94,True,1
2025-08-26,21,Tuesday,False,3,8x A100,640,800,NEUTRAL,1,66.1,HIGH,0.87,15,19.25,81,True,1
2025-08-15,19,Friday,False,3,1x H100,80,150,BEAR,0,42.4,MEDIUM,0.56,55,3.42,118,True,4
2025-10-08,14,Wednesday,False,4,4x RTX 4090,96,320,BULL,2,100.0,HIGH,0.83,28,2.29,116,True,2
2025-09-01,14,Monday,False,3,1x A100,80,100,BULL,2,89.3,HIGH,0.83,12,2.39,89,True,0
2025-05-07,20,Wednesday,False,2,1x A100,80,100,NEUTRAL,1,69.7,HIGH,0.82,22,2.41,99,True,2
2025-09-24,15,Wednesday,False,3,8x RTX 4090,192,640,NEUTRAL,1,50.9,MEDIUM,0.65,36,4.07,107,False,2
2025-05-21,14,Wednesday,False,2,2x RTX 4090,48,160,NEUTRAL,1,100.0,HIGH,0.76,28,1.13,116,True,2
2025-05-27,7,Tuesday,False,2,1x A100,80,100,BEAR,0,59.4,MEDIUM,0.58,37,2.01,99,False,1
2025-06-21,10,Saturday,True,2,2x RTX 4090,48,160,BEAR,0,51.6,MEDIUM,0.72,37,1.01,102,False,5
2025-03-12,4,Wednesday,False,1,8x RTX 4090,192,640,BULL,2,74.7,HIGH,0.79,16,4.79,80,True,2
2025-07-16,22,Wednesday,False,3,4x RTX 4090,96,320,BEAR,0,33.2,LOW,0.49,59,1.82,105,False,2
2025-12-28,6,Sunday,True,4,2x RTX 4090,48,160,NEUTRAL,1,59.3,MEDIUM,0.69,23,1.05,83,False,6
2025-08-01,13,Friday,False,3,8x A100,640,800,BEAR,0,23.9,LOW,0.35,70,14.21,107,True,4
2025-10-05,14,Sunday,True,4,1x H100,80,150,NEUTRAL,1,72.4,HIGH,0.92,22,3.94,92,True,6
2025-02-01,6,Saturday,True,1,1x H100,80,150,BULL,2,68.7,HIGH,0.9,26,3.87,113,False,5
2025-07-19,18,Saturday,True,3,1x RTX 4090,24,80,BEAR,0,34.0,LOW,0.45,55,0.47,104,True,5
2025-10-22,12,Wednesday,False,4,8x H100,640,1200,BULL,2,100.0,HIGH,0.86,17,31.19,112,True,2
2025-01-04,11,Saturday,True,1,1x A100,80,100,NEUTRAL,1,50.2,MEDIUM,0.52,35,2.17,89,False,5
2025-07-19,13,Saturday,True,3,8x RTX 4090,192,640,NEUTRAL,1,43.3,MEDIUM,0.74,49,4.26,108,True,5
2025-09-07,7,Sunday,True,3,1x A100,80,100,NEUTRAL,1,21.8,LOW,0.4,64,1.9,102,False,6
2025-08-12,15,Tuesday,False,3,1x RTX 4090,24,80,BEAR,0,46.1,MEDIUM,0.73,26,0.57,101,True,1
2025-07-19,10,Saturday,True,3,1x H100,80,150,BEAR,0,16.1,LOW,0.38,71,3.22,107,False,5
2025-03-26,14,Wednesday,False,1,4x RTX 4090,96,320,BULL,2,85.4,HIGH,0.89,14,2.31,104,True,2
2025-11-15,17,Saturday,True,4,1x RTX 4090,24,80,BULL,2,87.1,HIGH,0.81,25,0.61,115,True,5
2025-07-21,18,Monday,False,3,1x RTX 4090,24,80,BEAR,0,21.8,LOW,0.28,50,0.47,100,False,0
2025-02-12,20,Wednesday,False,1,1x H100,80,150,BULL,2,89.7,HIGH,0.87,14,3.96,87,True,2
2025-03-11,14,Tuesday,False,1,4x RTX 4090,96,320,BULL,2,100.0,HIGH,0.81,24,2.38,118,True,1
2025-01-26,8,Sunday,True,1,1x H100,80,150,BULL,2,68.7,HIGH,0.84,21,3.81,114,False,6
2025-06-17,6,Tuesday,False,2,8x H100,640,1200,NEUTRAL,1,69.9,HIGH,0.79,12,30.61,86,True,1
2025-06-17,10,Tuesday,False,2,1x H100,80,150,BEAR,0,59.0,MEDIUM,0.65,42,3.62,114,False,1
2025-05-23,13,Friday,False,2,1x A100,80,100,BEAR,0,73.2,HIGH,0.84,21,2.35,103,True,4
2025-02-11,15,Tuesday,False,1,1x RTX 4090,24,80,BULL,2,93.7,HIGH,0.87,16,0.61,119,True,1
2025-10-04,1,Saturday,True,4,8x A100,640,800,NEUTRAL,1,57.6,MEDIUM,0.59,30,17.23,92,True,5
2025-04-25,20,Friday,False,2,2x RTX 4090,48,160,NEUTRAL,1,63.6,HIGH,0.93,16,1.16,82,True,4
2025-11-30,1,Sunday,True,4,1x RTX 4090,24,80,BULL,2,63.8,HIGH,0.82,21,0.63,87,True,6
2025-05-07,6,Wednesday,False,2,1x RTX 4090,24,80,NEUTRAL,1,88.6,HIGH,0.78,15,0.62,95,True,2
2025-11-15,4,Saturday,True,4,8x RTX 4090,192,640,NEUTRAL,1,44.0,MEDIUM,0.53,48,3.81,99,False,5
2025-03-06,15,Thursday,False,1,2x RTX 4090,48,160,BULL,2,99.1,HIGH,0.85,22,1.13,118,True,3
2025-10-16,6,Thursday,False,4,8x H100,640,1200,BULL,2,100.0,HIGH,0.78,11,30.41,102,True,3
2025-12-25,8,Thursday,False,4,8x A100,640,800,NEUTRAL,1,73.1,HIGH,0.94,18,19.17,102,False,3
2025-03-27,19,Thursday,False,1,2x RTX 4090,48,160,BULL,2,100.0,HIGH,0.86,18,1.16,117,True,3
2025-03-25,9,Tuesday,False,1,2x RTX 4090,48,160,BULL,2,95.7,HIGH,0.92,20,1.18,93,True,1
2025-10-24,0,Friday,False,4,1x A100,80,100,BULL,2,75.2,HIGH,0.89,13,2.5,89,False,4
2025-10-22,21,Wednesday,False,4,1x H100,80,150,BULL,2,100.0,HIGH,0.87,17,3.81,82,True,2
2025-07-23,22,Wednesday,False,3,8x RTX 4090,192,640,BEAR,0,46.0,MEDIUM,0.53,34,4.05,94,False,2
2025-02-08,18,Saturday,True,1,8x RTX 4090,192,640,BULL,2,78.4,HIGH,0.84,14,4.65,97,True,5
2025-02-22,22,Saturday,True,1,1x A100,80,100,BULL,2,68.2,HIGH,0.82,17,2.43,113,True,5
2025-12-17,19,Wednesday,False,4,2x RTX 4090,48,160,BULL,2,95.3,HIGH,0.95,11,1.14,88,True,2
2025-10-17,1,Friday,False,4,8x A100,640,800,BULL,2,73.5,HIGH,0.89,22,19.56,119,False,4
2025-09-30,13,Tuesday,False,3,8x A100,640,800,NEUTRAL,1,67.3,HIGH,0.87,20,19.31,116,False,1
2025-02-05,16,Wednesday,False,1,8x A100,640,800,BULL,2,93.2,HIGH,0.82,18,19.79,116,True,2
2025-01-07,13,Tuesday,False,1,8x H100,640,1200,NEUTRAL,1,71.6,HIGH,0.91,22,31.43,118,True,1
2025-02-24,13,Monday,False,1,8x A100,640,800,BULL,2,88.0,HIGH,0.88,14,18.88,111,True,0
2025-11-22,14,Saturday,True,4,4x RTX 4090,96,320,BULL,2,75.2,HIGH,0.84,23,2.26,105,True,5
2025-08-11,5,Monday,False,3,1x A100,80,100,BEAR,0,26.4,LOW,0.41,75,1.9,108,False,0
2025-11-12,17,Wednesday,False,4,8x H100,640,1200,BULL,2,100.0,HIGH,0.94,17,30.77,80,True,2
2025-08-27,13,Wednesday,False,3,1x A100,80,100,NEUTRAL,1,57.0,MEDIUM,0.73,33,2.2,107,False,2
2025-06-15,7,Sunday,True,2,2x RTX 4090,48,160,BEAR,0,45.4,MEDIUM,0.66,41,0.96,103,False,6
2025-05-23,14,Friday,False,2,8x RTX 4090,192,640,BEAR,0,60.4,HIGH,0.76,21,4.7,103,True,4
2025-08-26,18,Tuesday,False,3,1x H100,80,150,NEUTRAL,1,60.7,HIGH,0.83,15,4.0,94,False,1
2025-06-22,0,Sunday,True,2,8x H100,640,1200,BEAR,0,44.6,MEDIUM,0.6,33,28.49,87,True,6
2025-06-16,5,Monday,False,2,8x H100,640,1200,BEAR,0,62.5,HIGH,0.83,10,30.42,83,False,0
2025-04-19,11,Saturday,True,2,1x A100,80,100,BULL,2,100.0,HIGH,0.76,22,2.47,91,True,5
2025-06-24,8,Tuesday,False,2,1x A100,80,100,BEAR,0,51.9,MEDIUM,0.73,42,2.15,113,True,1
2025-10-12,0,Sunday,True,4,8x RTX 4090,192,640,BULL,2,66.3,HIGH,0.79,16,4.63,104,True,6
2025-02-13,7,Thursday,False,1,1x H100,80,150,BULL,2,93.7,HIGH,0.89,17,3.78,100,True,3
2025-09-08,17,Monday,False,3,8x RTX 4090,192,640,NEUTRAL,1,62.1,HIGH,0.92,21,4.58,92,True,0
2025-12-20,15,Saturday,True,4,8x H100,640,1200,NEUTRAL,1,66.9,HIGH,0.76,15,31.56,104,False,5
2025-08-18,0,Monday,False,3,2x RTX 4090,48,160,NEUTRAL,1,39.8,LOW,0.45,56,0.89,103,True,0
2025-05-31,7,Saturday,True,2,1x H100,80,150,NEUTRAL,1,61.0,HIGH,0.9,19,3.8,102,False,5
2025-12-21,7,Sunday,True,4,1x A100,80,100,BULL,2,82.2,HIGH,0.9,11,2.42,95,True,6
2025-12-06,18,Saturday,True,4,8x A100,640,800,BULL,2,82.7,HIGH,0.81,14,19.86,113,True,5
2025-08-31,17,Sunday,True,3,8x A100,640,800,BULL,2,63.2,HIGH,0.87,11,19.23,92,True,6
2025-08-06,23,Wednesday,False,3,8x A100,640,800,NEUTRAL,1,45.7,MEDIUM,0.71,51,16.02,113,False,2
2025-06-30,22,Monday,False,2,8x H100,640,1200,BEAR,0,68.3,HIGH,0.92,14,31.1,83,True,0
2025-05-19,9,Monday,False,2,1x A100,80,100,NEUTRAL,1,87.0,HIGH,0.79,14,2.45,119,True,0
2025-04-29,3,Tuesday,False,2,8x RTX 4090,192,640,NEUTRAL,1,63.6,HIGH,0.83,18,4.65,82,True,1
2025-06-11,3,Wednesday,False,2,4x RTX 4090,96,320,BEAR,0,69.0,HIGH,0.86,18,2.35,97,True,2
2025-04-09,6,Wednesday,False,2,8x H100,640,1200,NEUTRAL,1,88.1,HIGH,0.89,23,31.97,110,True,2
2025-05-22,23,Thursday,False,2,1x A100,80,100,BEAR,0,53.0,MEDIUM,0.53,46,2.06,107,False,3
2025-02-21,6,Friday,False,1,1x A100,80,100,BULL,2,97.8,HIGH,0.88,18,2.37,85,False,4
2025-04-27,11,Sunday,True,2,4x RTX 4090,96,320,BULL,2,95.0,HIGH,0.94,11,2.33,89,True,6
2025-06-04,0,Wednesday,False,2,4x RTX 4090,96,320,BEAR,0,59.2,MEDIUM,0.63,37,2.14,114,True,2
2025-05-21,1,Wednesday,False,2,1x RTX 4090,24,80,BEAR,0,48.7,MEDIUM,0.61,30,0.51,83,True,2
2025-10-11,9,Saturday,True,4,4x RTX 4090,96,320,BULL,2,75.0,HIGH,0.93,17,2.25,103,True,5
2025-11-23,15,Sunday,True,4,2x RTX 4090,48,160,BULL,2,75.9,HIGH,0.8,22,1.14,95,True,6
2025-01-07,18,Tuesday,False,1,1x A100,80,100,BULL,2,93.1,HIGH,0.8,12,2.48,99,True,1
2025-08-29,15,Friday,False,3,8x H100,640,1200,BEAR,0,44.3,MEDIUM,0.58,41,26.26,94,True,4
2025-06-24,5,Tuesday,False,2,1x RTX 4090,24,80,BEAR,0,53.7,MEDIUM,0.64,45,0.5,93,False,1
2025-05-10,15,Saturday,True,2,2x RTX 4090,48,160,BEAR,0,52.5,MEDIUM,0.64,33,1.07,91,True,5
2025-02-03,12,Monday,False,1,8x H100,640,1200,BULL,2,90.5,HIGH,0.92,20,31.14,113,True,0
2025-02-07,18,Friday,False,1,1x RTX 4090,24,80,BULL,2,92.7,HIGH,0.86,21,0.62,113,True,4
2025-03-19,4,Wednesday,False,1,1x A100,80,100,BULL,2,87.2,HIGH,0.84,16,2.45,101,True,2
2025-02-13,7,Thursday,False,1,2x RTX 4090,48,160,BULL,2,94.8,HIGH,0.82,27,1.18,111,True,3
2025-10-13,13,Monday,False,4,8x RTX 4090,192,640,BULL,2,92.4,HIGH,0.9,17,4.56,100,True,0
2025-09-25,12,Thursday,False,3,8x H100,640,1200,BULL,2,79.5,HIGH,0.94,14,31.55,81,True,3
2025-08-15,9,Friday,False,3,1x H100,80,150,NEUTRAL,1,57.4,MEDIUM,0.63,38,3.29,102,False,4
2025-06-06,18,Friday,False,2,1x RTX 4090,24,80,BEAR,0,56.5,MEDIUM,0.74,30,0.54,103,True,4
2025-11-09,23,Sunday,True,4,2x RTX 4090,48,160,BULL,2,75.5,HIGH,0.81,23,1.14,119,True,6
2025-04-17,20,Thursday,False,2,8x RTX 4090,192,640,BULL,2,88.4,HIGH,0.78,20,4.61,106,True,3
2025-05-16,21,Friday,False,2,2x RTX 4090,48,160,BEAR,0,51.9,MEDIUM,0.72,34,0.97,83,False,4
2025-03-22,7,Saturday,True,1,4x RTX 4090,96,320,BULL,2,68.7,HIGH,0.81,24,2.32,100,False,5
2025-10-10,2,Friday,False,4,4x RTX 4090,96,320,BULL,2,74.8,HIGH,0.77,10,2.37,105,True,4
2025-01-02,13,Thursday,False,1,8x H100,640,1200,NEUTRAL,1,84.8,HIGH,0.92,21,31.17,98,True,3
2025-12-19,19,Friday,False,4,8x H100,640,1200,NEUTRAL,1,81.7,HIGH,0.8,24,31.78,109,True,4
2025-05-30,1,Friday,False,2,8x RTX 4090,192,640,BEAR,0,50.4,MEDIUM,0.53,30,3.87,97,False,4
2025-05-28,22,Wednesday,False,2,1x A100,80,100,NEUTRAL,1,92.2,HIGH,0.82,21,2.42,94,True,2
2025-12-26,14,Friday,False,4,2x RTX 4090,48,160,NEUTRAL,1,70.6,HIGH,0.75,20,1.14,99,True,4
2025-12-18,7,Thursday,False,4,1x A100,80,100,NEUTRAL,1,81.2,HIGH,0.88,23,2.43,117,True,3
2025-11-17,18,Monday,False,4,8x RTX 4090,192,640,BULL,2,95.9,HIGH,0.93,12,4.74,92,True,0
2025-08-06,3,Wednesday,False,3,8x RTX 4090,192,640,BEAR,0,30.8,LOW,0.25,63,3.49,117,True,2
2025-11-28,4,Friday,False,4,1x A100,80,100,BULL,2,75.6,HIGH,0.83,22,2.42,104,True,4
2025-03-14,2,Friday,False,1,1x RTX 4090,24,80,BULL,2,70.4,HIGH,0.94,23,0.64,107,True,4
2025-03-26,9,Wednesday,False,1,1x A100,80,100,BULL,2,90.8,HIGH,0.81,27,2.37,117,True,2
2025-08-13,3,Wednesday,False,3,8x H100,640,1200,BEAR,0,28.3,LOW,0.26,59,23.85,93,False,2
2025-12-19,9,Friday,False,4,1x H100,80,150,NEUTRAL,1,69.5,HIGH,0.9,9,3.98,87,False,4
2025-05-20,16,Tuesday,False,2,8x H100,640,1200,BEAR,0,59.8,MEDIUM,0.75,44,27.59,109,True,1
2025-08-13,2,Wednesday,False,3,1x RTX 4090,24,80,NEUTRAL,1,42.5,MEDIUM,0.64,48,0.52,116,False,2
2025-08-10,23,Sunday,True,3,8x A100,640,800,BEAR,0,10.1,LOW,0.46,73,15.14,102,False,6
2025-11-06,8,Thursday,False,4,1x RTX 4090,24,80,BULL,2,83.4,HIGH,0.9,20,0.65,108,True,3
2025-02-16,7,Sunday,True,1,1x RTX 4090,24,80,BULL,2,78.1,HIGH,0.91,20,0.64,107,True,6
2025-12-11,8,Thursday,False,4,1x RTX 4090,24,80,BULL,2,78.8,HIGH,0.88,19,0.63,80,True,3
2025-03-31,15,Monday,False,1,8x H100,640,1200,BULL,2,95.3,HIGH,0.75,11,31.29,106,True,0
2025-05-23,5,Friday,False,2,1x H100,80,150,BEAR,0,31.5,LOW,0.3,60,2.98,92,False,4
2025-11-22,15,Saturday,True,4,2x RTX 4090,48,160,BULL,2,85.3,HIGH,0.81,14,1.16,88,True,5
2025-08-29,11,Friday,False,3,1x H100,80,150,NEUTRAL,1,53.4,MEDIUM,0.63,55,3.47,118,True,4
2025-06-20,10,Friday,False,2,2x RTX 4090,48,160,BEAR,0,55.8,MEDIUM,0.6,30,1.0,87,False,4
2025-03-24,10,Monday,False,1,1x H100,80,150,BULL,2,87.7,HIGH,0.81,17,3.99,84,True,0
2025-12-22,15,Monday,False,4,1x A100,80,100,NEUTRAL,1,78.2,HIGH,0.8,10,2.44,97,True,0
2025-12-06,12,Saturday,True,4,1x RTX 4090,24,80,BULL,2,87.7,HIGH,0.88,13,0.63,119,True,5
2025-08-21,2,Thursday,False,3,8x A100,640,800,NEUTRAL,1,43.7,MEDIUM,0.67,37,16.72,90,False,3
2025-05-10,10,Saturday,True,2,2x RTX 4090,48,160,BEAR,0,48.1,MEDIUM,0.53,24,0.97,85,True,5
2025-07-26,16,Saturday,True,3,1x RTX 4090,24,80,BEAR,0,23.9,LOW,0.25,48,0.45,80,True,5
2025-12-03,17,Wednesday,False,4,8x H100,640,1200,BULL,2,100.0,HIGH,0.91,13,31.04,103,True,2
2025-07-31,1,Thursday,False,3,8x RTX 4090,192,640,BEAR,0,34.8,LOW,0.36,78,3.44,117,False,3
2025-09-23,11,Tuesday,False,3,8x H100,640,1200,BULL,2,83.0,HIGH,0.91,23,31.85,102,True,1
2025-11-17,14,Monday,False,4,1x RTX 4090,24,80,BULL,2,100.0,HIGH,0.87,24,0.64,118,True,0
2025-04-15,8,Tuesday,False,2,4x RTX 4090,96,320,BULL,2,94.8,HIGH,0.76,21,2.39,98,True,1
2025-05-28,14,Wednesday,False,2,8x H100,640,1200,NEUTRAL,1,100.0,HIGH,0.82,12,30.94,117,True,2
2025-03-04,0,Tuesday,False,1,8x RTX 4090,192,640,BULL,2,83.9,HIGH,0.87,15,4.53,84,True,1
2025-12-30,5,Tuesday,False,4,1x A100,80,100,NEUTRAL,1,68.3,HIGH,0.78,12,2.38,106,True,1
2025-10-10,0,Friday,False,4,1x H100,80,150,BULL,2,80.2,HIGH,0.93,13,3.99,116,True,4
2025-02-17,7,Monday,False,1,2x RTX 4090,48,160,BULL,2,89.9,HIGH,0.86,10,1.17,96,True,0
2025-08-25,3,Monday,False,3,4x RTX 4090,96,320,NEUTRAL,1,28.7,LOW,0.29,64,1.79,101,True,0
2025-09-13,22,Saturday,True,3,1x A100,80,100,NEUTRAL,1,43.2,MEDIUM,0.71,42,2.04,100,True,5
2025-09-18,22,Thursday,False,3,1x A100,80,100,NEUTRAL,1,61.0,HIGH,0.87,13,2.42,113,True,3
2025-08-01,15,Friday,False,3,8x H100,640,1200,BEAR,0,45.2,MEDIUM,0.64,40,26.6,100,True,4
2025-05-05,14,Monday,False,2,4x RTX 4090,96,320,NEUTRAL,1,91.1,HIGH,0.93,13,2.34,113,True,0
2025-07-16,6,Wednesday,False,3,4x RTX 4090,96,320,BEAR,0,38.8,LOW,0.28,66,1.68,96,False,2
2025-02-05,8,Wednesday,False,1,1x H100,80,150,BULL,2,94.7,HIGH,0.94,26,3.89,111,True,2
2025-06-24,16,Tuesday,False,2,1x A100,80,100,BEAR,0,49.6,MEDIUM,0.63,41,2.11,106,False,1
2025-01-02,9,Thursday,False,1,1x A100,80,100,BULL,2,92.8,HIGH,0.92,20,2.41,83,True,3
2025-10-28,18,Tuesday,False,4,8x H100,640,1200,BULL,2,100.0,HIGH,0.76,11,31.35,112,True,1
2025-03-18,14,Tuesday,False,1,8x H100,640,1200,BULL,2,76.5,HIGH,0.88,26,30.23,111,False,1
2025-06-26,10,Thursday,False,2,1x H100,80,150,BEAR,0,73.7,HIGH,0.88,25,3.85,114,True,3
2025-08-22,10,Friday,False,3,8x RTX 4090,192,640,BEAR,0,42.9,MEDIUM,0.5,34,4.22,80,True,4
2025-12-24,7,Wednesday,False,4,1x H100,80,150,BULL,2,100.0,HIGH,0.93,20,3.8,102,True,2
2025-04-30,13,Wednesday,False,2,1x RTX 4090,24,80,NEUTRAL,1,82.0,HIGH,0.83,9,0.62,82,True,2
2025-06-12,23,Thursday,False,2,8x H100,640,1200,BEAR,0,60.4,HIGH,0.75,9,31.76,81,True,3
2025-12-28,12,Sunday,True,4,1x H100,80,150,BULL,2,85.0,HIGH,0.89,9,3.79,92,True,6
2025-12-06,20,Saturday,True,4,4x RTX 4090,96,320,BULL,2,75.3,HIGH,0.83,15,2.27,106,True,5
2025-09-11,1,Thursday,False,3,4x RTX 4090,96,320,BULL,2,70.2,HIGH,0.86,13,2.26,98,True,3
2025-09-15,18,Monday,False,3,8x A100,640,800,NEUTRAL,1,59.7,MEDIUM,0.72,33,16.9,89,False,0
2025-02-21,14,Friday,False,1,2x RTX 4090,48,160,BULL,2,97.5,HIGH,0.86,17,1.14,103,True,4
2025-09-27,14,Saturday,True,3,1x RTX 4090,24,80,BULL,2,64.3,HIGH,0.93,22,0.62,110,True,5
2025-03-15,13,Saturday,True,1,4x RTX 4090,96,320,BULL,2,70.4,HIGH,0.76,23,2.3,110,True,5
2025-02-08,15,Saturday,True,1,1x A100,80,100,BULL,2,82.4,HIGH,0.87,20,2.44,87,True,5
2025-06-23,19,Monday,False,2,1x H100,80,150,BEAR,0,55.1,MEDIUM,0.58,26,3.39,98,False,0
2025-11-29,2,Saturday,True,4,8x A100,640,800,BULL,2,73.5,HIGH,0.93,20,19.31,85,True,5
2025-12-12,17,Friday,False,4,1x H100,80,150,BULL,2,100.0,HIGH,0.83,17,3.93,89,True,4
2025-06-12,20,Thursday,False,2,8x H100,640,1200,BEAR,0,62.1,HIGH,0.79,11,30.43,83,False,3
2025-10-05,1,Sunday,True,4,2x RTX 4090,48,160,BULL,2,65.5,HIGH,0.91,22,1.13,116,True,6
2025-05-01,20,Thursday,False,2,1x A100,80,100,BULL,2,97.5,HIGH,0.85,13,2.45,114,True,3
2025-04-27,23,Sunday,True,2,2x RTX 4090,48,160,BULL,2,70.4,HIGH,0.92,11,1.17,90,False,6
2025-08-11,3,Monday,False,3,2x RTX 4090,48,160,NEUTRAL,1,49.6,MEDIUM,0.69,22,1.0,87,False,0
2025-08-16,5,Saturday,True,3,1x A100,80,100,BEAR,0,14.0,LOW,0.41,47,1.93,80,False,5
2025-01-15,1,Wednesday,False,1,8x A100,640,800,NEUTRAL,1,48.7,MEDIUM,0.51,24,17.03,89,True,2
2025-01-29,9,Wednesday,False,1,8x A100,640,800,NEUTRAL,1,65.9,HIGH,0.75,12,19.3,104,False,2
2025-07-11,13,Friday,False,3,4x RTX 4090,96,320,BEAR,0,33.8,LOW,0.32,71,1.87,105,False,4
2025-05-06,16,Tuesday,False,2,1x H100,80,150,NEUTRAL,1,84.2,HIGH,0.9,18,3.99,106,True,1
2025-10-17,21,Friday,False,4,4x RTX 4090,96,320,BULL,2,85.5,HIGH,0.82,14,2.32,111,True,4
2025-03-29,5,Saturday,True,1,2x RTX 4090,48,160,BULL,2,75.4,HIGH,0.82,17,1.13,115,True,5
2025-11-09,12,Sunday,True,4,8x RTX 4090,192,640,BULL,2,89.1,HIGH,0.86,19,4.68,87,True,6
2025-09-12,18,Friday,False,3,4x RTX 4090,96,320,BULL,2,77.2,HIGH,0.87,17,2.26,105,True,4
2025-04-29,14,Tuesday,False,2,1x A100,80,100,BULL,2,100.0,HIGH,0.88,17,2.47,96,True,1
2025-08-24,8,Sunday,True,3,1x RTX 4090,24,80,BEAR,0,15.5,LOW,0.41,62,0.47,90,False,6
2025-08-27,9,Wednesday,False,3,4x RTX 4090,96,320,NEUTRAL,1,63.5,HIGH,0.78,22,2.37,117,True,2
2025-02-07,14,Friday,False,1,8x A100,640,800,BULL,2,87.4,HIGH,0.89,9,18.98,84,True,4
2025-10-28,9,Tuesday,False,4,1x H100,80,150,BULL,2,99.2,HIGH,0.9,12,3.99,84,True,1
2025-12-20,8,Saturday,True,4,8x H100,640,1200,NEUTRAL,1,61.5,HIGH,0.84,16,31.76,87,True,5
2025-06-04,6,Wednesday,False,2,1x H100,80,150,BEAR,0,69.7,HIGH,0.94,13,3.99,105,True,2
2025-09-05,3,Friday,False,3,8x RTX 4090,192,640,NEUTRAL,1,29.1,LOW,0.48,52,3.41,97,False,4
2025-07-15,18,Tuesday,False,3,8x A100,640,800,BEAR,0,35.4,LOW,0.48,69,15.92,95,False,1
2025-10-22,9,Wednesday,False,4,1x A100,80,100,BULL,2,100.0,HIGH,0.85,16,2.39,80,True,2
2025-01-12,21,Sunday,True,1,1x H100,80,150,BULL,2,78.3,HIGH,0.87,24,3.95,107,False,6
2025-05-21,0,Wednesday,False,2,1x RTX 4090,24,80,NEUTRAL,1,62.8,HIGH,0.79,12,0.64,87,False,2
2025-11-07,23,Friday,False,4,8x H100,640,1200,BULL,2,76.5,HIGH,0.83,26,30.2,115,True,4
2025-05-27,7,Tuesday,False,2,8x A100,640,800,BEAR,0,58.6,MEDIUM,0.75,21,17.52,82,True,1
2025-04-23,20,Wednesday,False,2,8x RTX 4090,192,640,NEUTRAL,1,84.2,HIGH,0.94,18,4.61,97,False,2
2025-11-14,8,Friday,False,4,4x RTX 4090,96,320,BULL,2,75.7,HIGH,0.83,23,2.39,105,False,4
2025-11-18,3,Tuesday,False,4,1x RTX 4090,24,80,BULL,2,80.4,HIGH,0.79,10,0.61,96,True,1
2025-06-08,14,Sunday,True,2,1x RTX 4090,24,80,BEAR,0,53.7,MEDIUM,0.61,42,0.54,100,True,6
2025-10-24,11,Friday,False,4,4x RTX 4090,96,320,BULL,2,100.0,HIGH,0.82,27,2.39,119,True,4
2025-02-16,9,Sunday,True,1,8x A100,640,800,BULL,2,79.3,HIGH,0.93,15,19.05,87,True,6
2025-08-01,5,Friday,False,3,8x RTX 4090,192,640,BEAR,0,17.6,LOW,0.3,48,3.33,94,False,4
2025-03-09,17,Sunday,True,1,8x A100,640,800,BULL,2,74.3,HIGH,0.92,11,19.67,108,False,6
2025-09-29,16,Monday,False,3,1x A100,80,100,BULL,2,80.4,HIGH,0.93,18,2.39,102,False,0
2025-03-26,8,Wednesday,False,1,8x H100,640,1200,BULL,2,77.3,HIGH,0.86,16,30.31,85,True,2
2025-06-01,23,Sunday,True,2,8x A100,640,800,BEAR,0,21.3,LOW,0.31,53,15.46,107,False,6
2025-02-28,14,Friday,False,1,2x RTX 4090,48,160,BULL,2,100.0,HIGH,0.83,23,1.17,109,True,4
2025-03-14,7,Friday,False,1,1x H100,80,150,BULL,2,92.6,HIGH,0.79,17,3.98,115,False,4
2025-10-13,11,Monday,False,4,2x RTX 4090,48,160,BULL,2,100.0,HIGH,0.87,21,1.13,110,True,0
2025-07-22,0,Tuesday,False,3,1x A100,80,100,BEAR,0,26.1,LOW,0.41,64,1.84,104,True,1
2025-10-02,3,Thursday,False,4,8x H100,640,1200,BULL,2,92.5,HIGH,0.89,12,31.95,103,True,3
2025-07-08,21,Tuesday,False,3,1x A100,80,100,BEAR,0,36.8,LOW,0.28,80,1.84,113,False,1
2025-10-27,12,Monday,False,4,8x A100,640,800,BULL,2,88.2,HIGH,0.82,22,19.83,91,True,0
2025-02-25,21,Tuesday,False,1,8x RTX 4090,192,640,BULL,2,75.9,HIGH,0.81,19,4.65,111,True,1
2025-08-30,0,Saturday,True,3,8x A100,640,800,NEUTRAL,1,24.4,LOW,0.46,46,15.41,93,False,5
2025-11-09,7,Sunday,True,4,2x RTX 4090,48,160,BULL,2,70.8,HIGH,0.85,24,1.17,119,True,6
2025-11-22,14,Saturday,True,4,1x A100,80,100,BULL,2,80.3,HIGH,0.92,14,2.47,114,False,5
2025-11-29,13,Saturday,True,4,2x RTX 4090,48,160,BULL,2,80.6,HIGH,0.91,16,1.17,81,False,5
2025-03-13,1,Thursday,False,1,1x RTX 4090,24,80,BULL,2,87.9,HIGH,0.8,18,0.63,95,False,3
2025-06-05,15,Thursday,False,2,2x RTX 4090,48,160,BEAR,0,73.5,HIGH,0.78,11,1.13,90,True,3
2025-02-19,7,Wednesday,False,1,4x RTX 4090,96,320,BULL,2,91.9,HIGH,0.84,25,2.34,112,True,2
2025-07-18,14,Friday,False,3,8x A100,640,800,BEAR,0,27.7,LOW,0.33,42,14.75,83,False,4
2025-12-10,23,Wednesday,False,4,1x H100,80,150,BULL,2,96.8,HIGH,0.77,23,3.95,108,True,2
2025-10-28,23,Tuesday,False,4,4x RTX 4090,96,320,BULL,2,80.3,HIGH,0.84,26,2.26,108,False,1
2025-08-01,20,Friday,False,3,2x RTX 4090,48,160,BEAR,0,23.5,LOW,0.49,63,0.85,99,False,4
2025-09-08,19,Monday,False,3,1x H100,80,150,NEUTRAL,1,43.7,MEDIUM,0.57,28,3.43,95,False,0
2025-05-24,1,Saturday,True,2,8x A100,640,800,NEUTRAL,1,53.9,MEDIUM,0.54,46,16.34,117,True,5
2025-04-22,14,Tuesday,False,2,8x H100,640,1200,BULL,2,100.0,HIGH,0.84,12,31.2,113,True,1
2025-05-01,11,Thursday,False,2,2x RTX 4090,48,160,BULL,2,92.0,HIGH,0.84,23,1.17,115,True,3
2025-12-18,11,Thursday,False,4,8x A100,640,800,NEUTRAL,1,71.9,HIGH,0.87,13,19.93,100,True,3
2025-02-01,12,Saturday,True,1,1x A100,80,100,BULL,2,80.8,HIGH,0.89,13,2.35,83,False,5
2025-04-08,3,Tuesday,False,2,8x H100,640,1200,BULL,2,95.5,HIGH,0.79,23,31.31,111,True,1
2025-02-16,21,Sunday,True,1,8x RTX 4090,192,640,BULL,2,71.6,HIGH,0.77,22,4.77,107,False,6
2025-11-25,20,Tuesday,False,4,1x RTX 4090,24,80,BULL,2,100.0,HIGH,0.84,24,0.62,99,True,1
2025-01-26,10,Sunday,True,1,8x RTX 4090,192,640,BULL,2,82.1,HIGH,0.76,26,4.51,112,True,6
2025-03-06,18,Thursday,False,1,8x RTX 4090,192,640,BULL,2,91.3,HIGH,0.76,18,4.72,112,True,3
2025-02-05,17,Wednesday,False,1,8x RTX 4090,192,640,BULL,2,100.0,HIGH,0.91,19,4.66,82,True,2
2025-10-28,6,Tuesday,False,4,8x RTX 4090,192,640,BULL,2,100.0,HIGH,0.85,9,4.61,88,True,1
2025-06-18,4,Wednesday,False,2,1x RTX 4090,24,80,BEAR,0,61.6,HIGH,0.92,23,0.64,97,False,2
2025-05-22,4,Thursday,False,2,4x RTX 4090,96,320,NEUTRAL,1,67.0,HIGH,0.8,23,2.31,115,True,3
2025-10-04,8,Saturday,True,4,4x RTX 4090,96,320,BULL,2,74.2,HIGH,0.83,16,2.37,92,True,5
2025-02-26,21,Wednesday,False,1,1x RTX 4090,24,80,BULL,2,93.0,HIGH,0.85,19,0.61,82,True,2
2025-03-09,0,Sunday,True,1,8x A100,640,800,BULL,2,66.5,HIGH,0.78,11,18.88,89,False,6
2025-05-02,18,Friday,False,2,8x A100,640,800,NEUTRAL,1,85.7,HIGH,0.92,13,19.77,80,True,4
2025-01-09,5,Thursday,False,1,1x A100,80,100,NEUTRAL,1,46.7,MEDIUM,0.63,34,2.09,103,False,3
2025-01-27,4,Monday,False,1,1x H100,80,150,BULL,2,80.0,HIGH,0.94,17,3.85,118,True,0
2025-09-27,3,Saturday,True,3,2x RTX 4090,48,160,BULL,2,45.7,MEDIUM,0.52,38,0.99,84,False,5
2025-09-01,14,Monday,False,3,8x A100,640,800,NEUTRAL,1,58.3,MEDIUM,0.69,38,17.22,108,True,0
2025-09-20,18,Saturday,True,3,2x RTX 4090,48,160,BULL,2,57.9,MEDIUM,0.6,44,1.0,119,False,5
2025-08-20,16,Wednesday,False,3,8x RTX 4090,192,640,NEUTRAL,1,64.3,HIGH,0.81,20,4.6,111,False,2
2025-11-11,1,Tuesday,False,4,1x A100,80,100,BULL,2,74.9,HIGH,0.77,14,2.43,107,True,1
2025-08-23,20,Saturday,True,3,1x RTX 4090,24,80,BEAR,0,12.7,LOW,0.32,60,0.48,103,False,5
2025-02-01,15,Saturday,True,1,1x H100,80,150,NEUTRAL,1,71.3,HIGH,0.84,14,3.93,80,True,5
2025-08-07,21,Thursday,False,3,2x RTX 4090,48,160,BEAR,0,22.3,LOW,0.39,54,0.94,108,False,3
2025-09-09,22,Tuesday,False,3,8x H100,640,1200,NEUTRAL,1,63.2,HIGH,0.77,25,31.42,118,True,1
2025-02-07,2,Friday,False,1,8x A100,640,800,BULL,2,66.9,HIGH,0.86,18,19.63,95,True,4
2025-11-08,4,Saturday,True,4,2x RTX 4090,48,160,BULL,2,82.1,HIGH,0.92,19,1.19,86,True,5
2025-03-06,8,Thursday,False,1,8x A100,640,800,BULL,2,87.6,HIGH,0.93,18,18.89,109,True,3
2025-07-15,19,Tuesday,False,3,1x A100,80,100,BEAR,0,34.3,LOW,0.44,69,1.89,97,False,1
2025-08-21,16,Thursday,False,3,1x H100,80,150,BEAR,0,55.8,MEDIUM,0.75,38,3.37,98,True,3
2025-02-20,22,Thursday,False,1,2x RTX 4090,48,160,BULL,2,100.0,HIGH,0.89,14,1.15,90,True,3
2025-12-02,20,Tuesday,False,4,8x RTX 4090,192,640,BULL,2,88.9,HIGH,0.85,9,4.74,94,True,1
2025-08-09,14,Saturday,True,3,8x RTX 4090,192,640,BEAR,0,37.6,LOW,0.39,69,3.48,111,False,5
2025-07-31,10,Thursday,False,3,8x H100,640,1200,BEAR,0,38.1,LOW,0.41,60,23.51,88,True,3
2025-07-24,13,Thursday,False,3,2x RTX 4090,48,160,BEAR,0,40.2,MEDIUM,0.56,42,1.0,105,False,3
2025-06-10,13,Tuesday,False,2,8x A100,640,800,NEUTRAL,1,93.9,HIGH,0.78,16,19.66,95,True,1
2025-12-07,8,Sunday,True,4,8x A100,640,800,NEUTRAL,1,48.7,MEDIUM,0.55,32,17.82,90,True,6
2025-03-20,21,Thursday,False,1,8x H100,640,1200,BULL,2,91.2,HIGH,0.83,24,31.39,111,True,3
2025-02-04,2,Tuesday,False,1,2x RTX 4090,48,160,BULL,2,100.0,HIGH,0.88,23,1.14,109,True,1
2025-02-17,13,Monday,False,1,2x RTX 4090,48,160,BULL,2,87.4,HIGH,0.79,22,1.14,118,True,0
2025-07-10,4,Thursday,False,3,1x RTX 4090,24,80,BEAR,0,38.5,LOW,0.5,68,0.48,99,True,3
2025-10-28,17,Tuesday,False,4,8x A100,640,800,BULL,2,99.5,HIGH,0.8,11,19.86,114,True,1
2025-12-10,3,Wednesday,False,4,1x H100,80,150,BULL,2,92.8,HIGH,0.91,19,3.82,119,True,2
2025-07-01,21,Tuesday,False,3,1x H100,80,150,BEAR,0,34.2,LOW,0.27,80,3.18,117,True,1
2025-01-27,9,Monday,False,1,1x A100,80,100,BULL,2,96.9,HIGH,0.92,23,2.39,94,True,0
2025-06-30,3,Monday,False,2,8x RTX 4090,192,640,BEAR,0,49.5,MEDIUM,0.72,50,4.0,109,True,0
2025-03-21,21,Friday,False,1,8x H100,640,1200,BULL,2,93.5,HIGH,0.75,23,31.32,111,True,4
2025-04-25,3,Friday,False,2,8x A100,640,800,NEUTRAL,1,54.1,MEDIUM,0.5,43,16.83,89,True,4
2025-10-12,11,Sunday,True,4,2x RTX 4090,48,160,BULL,2,78.2,HIGH,0.9,20,1.14,104,True,6
2025-05-23,18,Friday,False,2,8x RTX 4090,192,640,BEAR,0,62.3,HIGH,0.94,12,4.66,84,False,4
2025-08-08,17,Friday,False,3,1x RTX 4090,24,80,BEAR,0,43.1,MEDIUM,0.65,25,0.53,97,True,4
2025-11-08,21,Saturday,True,4,1x A100,80,100,BULL,2,80.2,HIGH,0.76,17,2.5,89,True,5
2025-01-15,5,Wednesday,False,1,1x A100,80,100,BULL,2,84.8,HIGH,0.83,12,2.36,96,True,2
2025-12-26,9,Friday,False,4,8x A100,640,800,NEUTRAL,1,83.6,HIGH,0.89,24,19.76,109,False,4
2025-06-29,0,Sunday,True,2,4x RTX 4090,96,320,BEAR,0,34.1,LOW,0.47,52,1.86,81,False,6
2025-03-15,18,Saturday,True,1,1x H100,80,150,BULL,2,92.6,HIGH,0.82,12,3.78,119,True,5
2025-02-05,4,Wednesday,False,1,1x RTX 4090,24,80,BULL,2,88.9,HIGH,0.8,19,0.63,95,True,2
2025-02-16,23,Sunday,True,1,8x RTX 4090,192,640,BULL,2,64.7,HIGH,0.9,16,4.74,114,True,6
2025-07-12,13,Saturday,True,3,8x H100,640,1200,BEAR,0,16.8,LOW,0.4,71,25.82,109,True,5
2025-06-24,5,Tuesday,False,2,8x A100,640,800,BEAR,0,34.5,LOW,0.35,72,15.78,108,True,1
2025-06-09,23,Monday,False,2,8x A100,640,800,BEAR,0,45.6,MEDIUM,0.55,35,16.94,117,False,0
2025-10-18,19,Saturday,True,4,2x RTX 4090,48,160,BULL,2,71.8,HIGH,0.86,21,1.14,87,True,5
2025-01-27,4,Monday,False,1,4x RTX 4090,96,320,BULL,2,74.8,HIGH,0.82,12,2.28,89,True,0
2025-11-13,1,Thursday,False,4,2x RTX 4090,48,160,BULL,2,78.9,HIGH,0.76,14,1.19,110,True,3
2025-05-20,14,Tuesday,False,2,1x H100,80,150,BEAR,0,67.8,HIGH,0.92,17,3.91,84,True,1
2025-09-06,19,Saturday,True,3,8x H100,640,1200,NEUTRAL,1,48.1,MEDIUM,0.58,25,26.52,102,True,5
2025-08-01,8,Friday,False,3,8x RTX 4090,192,640,BEAR,0,27.8,LOW,0.46,45,3.51,88,True,4
2025-09-20,3,Saturday,True,3,8x A100,640,800,BULL,2,28.7,LOW,0.5,62,14.4,94,False,5
2025-08-09,3,Saturday,True,3,1x A100,80,100,BEAR,0,11.8,LOW,0.3,56,1.94,91,False,5
2025-12-14,21,Sunday,True,4,8x H100,640,1200,NEUTRAL,1,68.3,HIGH,0.92,13,30.79,83,True,6
2025-09-27,21,Saturday,True,3,1x A100,80,100,BULL,2,55.3,MEDIUM,0.72,41,2.13,92,False,5
2025-01-24,7,Friday,False,1,1x H100,80,150,BULL,2,86.7,HIGH,0.8,20,3.86,111,True,4
2025-11-03,1,Monday,False,4,1x RTX 4090,24,80,BULL,2,83.2,HIGH,0.85,17,0.65,111,False,0
2025-04-15,9,Tuesday,False,2,8x RTX 4090,192,640,BULL,2,100.0,HIGH,0.78,12,4.74,82,True,1
2025-03-12,8,Wednesday,False,1,1x A100,80,100,BULL,2,83.0,HIGH,0.86,16,2.5,110,True,2
2025-06-17,3,Tuesday,False,2,1x RTX 4090,24,80,BEAR,0,57.3,MEDIUM,0.57,24,0.57,99,True,1
2025-09-12,23,Friday,False,3,1x H100,80,150,NEUTRAL,1,36.0,LOW,0.39,47,2.99,87,False,4
2025-03-31,4,Monday,False,1,1x H100,80,150,BULL,2,76.1,HIGH,0.93,17,3.88,104,True,0
2025-09-30,22,Tuesday,False,3,8x RTX 4090,192,640,BULL,2,82.9,HIGH,0.85,22,4.78,108,True,1
2025-09-14,17,Sunday,True,3,8x A100,640,800,BULL,2,57.7,MEDIUM,0.69,25,17.29,98,False,6
2025-02-06,12,Thursday,False,1,1x RTX 4090,24,80,BULL,2,100.0,HIGH,0.85,12,0.61,112,True,3
